entry_time,exit_time,side,qty,entry_price,exit_price,gross_pnl,costs,net_pnl,exit_reason,logged_at
2026-09-07 13:25:00,2026-09-07 13:35:00,SHORT,25,1310.8378,1308.2616,64.40388977050588,34.74812783010918,29.655761940396694,signal,2026-10-06T21:57:15.126834+00:00
2026-09-07 14:00:00,2026-09-07 14:05:00,SHORT,25,23772.8949,23785.9066,-325.2940039062196,257.11254679854846,-582.406550704768,kill_switch,2026-10-06T21:51:14.856470+00:00
2026-09-07 14:00:00,2026-09-07 14:45:00,SHORT,25,23772.8949,23763.9022,224.81599609373006,257.0759204747485,-32.259924381018436,signal,2026-10-06T21:53:57.431508+00:00
2026-09-09 12:50:00,2026-09-09 14:25:00,SHORT,100,694.661,693.6887,97.23300048827923,71.7261750844502,25.506825403829033,signal,2026-10-07T12:51:23.811763+00:00
2026-09-09 12:50:00,2026-09-09 14:25:00,SHORT,100,694.661,693.6887,97.23300048827923,71.7261750844502,25.506825403829033,signal,2026-10-07T12:55:26.291390+00:00
2026-09-11 11:20:00,2026-09-11 11:50:00,SHORT,100,687.0626,685.9871,107.54266235351224,71.4571416095178,36.085520743994444,signal,2026-10-07T12:51:23.811763+00:00
2026-09-11 11:20:00,2026-09-11 11:50:00,SHORT,100,687.0626,685.9871,107.54266235351224,71.4571416095178,36.085520743994444,signal,2026-10-07T12:55:26.291390+00:00
2026-09-23 13:40:00,2026-09-23 14:10:00,LONG,25,23429.6342,23438.1122,211.95031249999374,254.1209811482305,-42.170668648236756,signal,2026-10-06T21:51:14.856470+00:00
2026-09-23 13:40:00,2026-09-23 14:10:00,LONG,25,23429.6342,23438.1122,211.95031249999374,254.1209811482305,-42.170668648236756,signal,2026-10-06T21:53:57.431508+00:00
2026-09-23 13:40:00,2026-09-23 14:10:00,LONG,25,23429.6342,23438.1122,211.95031249999374,254.1209811482305,-42.170668648236756,signal,2026-10-07T12:55:24.690144+00:00
2026-09-29 11:20:00,2026-09-29 11:30:00,SHORT,25,22675.5636,22701.1897,-640.653281249979,247.44520562674728,-888.0984868767263,kill_switch,2026-10-06T21:51:14.856470+00:00
2026-09-29 11:20:00,2026-09-29 11:30:00,SHORT,25,22675.5636,22736.7989,-1530.8839868329414,247.50447718712496,-1778.3884640200663,stop,2026-10-06T21:53:57.431508+00:00
2026-09-29 11:20:00,2026-09-29 11:30:00,SHORT,15,54120.4238,54239.5103,-1786.298706292473,334.016464541115,-2120.315170833588,stop,2026-10-07T12:51:19.664755+00:00
2026-09-29 11:20:00,2026-09-29 11:30:00,SHORT,25,24528.3434,24582.3155,-1349.3041676835674,263.8505801086344,-1613.1547477922018,stop,2026-10-07T12:51:20.985638+00:00
2026-09-29 11:20:00,2026-09-29 11:30:00,SHORT,25,22675.5636,22725.4589,-1247.3827530558083,247.4856016749801,-1494.8683547307883,stop,2026-10-07T12:55:24.690144+00:00
2026-09-29 11:20:00,2026-09-29 11:30:00,SHORT,15,54120.4238,54239.5103,-1786.298706292473,334.016464541115,-2120.315170833588,stop,2026-10-07T12:55:25.143298+00:00
2026-09-29 11:20:00,2026-09-29 11:30:00,SHORT,25,24528.3434,24582.3155,-1349.3041676835674,263.8505801086344,-1613.1547477922018,stop,2026-10-07T12:55:25.612398+00:00
2026-09-30 13:50:00,2026-09-30 14:20:00,LONG,25,24783.5553,24729.0414,-1362.8477075580122,265.62344510633017,-1628.4711526643423,stop,2026-10-07T12:51:20.985638+00:00
2026-09-30 13:50:00,2026-09-30 14:20:00,LONG,25,24783.5553,24729.0414,-1362.8477075580122,265.62344510633017,-1628.4711526643423,stop,2026-10-07T12:55:25.612398+00:00
2026-10-06 13:35:00,2026-10-06 13:50:00,LONG,50,1212.0424,1214.5571,125.73399902342999,64.38908881321524,61.34491021021476,signal,2026-10-07T12:51:22.330785+00:00
2026-10-06 13:35:00,2026-10-06 13:50:00,LONG,50,1212.0424,1214.5571,125.73399902342999,64.38908881321524,61.34491021021476,signal,2026-10-07T12:55:25.943672+00:00
2026-10-06 13:35:00,2026-10-06 13:55:00,LONG,25,1212.0424,1214.757,67.864779052735,32.19774588422601,35.667033168509,signal,2026-10-06T21:57:15.126834+00:00
